,,,,,"Herbert & Franziska Petersen GbR, Freudenhof 1",,,,,,,,,,,,,,,,
,,,,,"24991 Freienwill,                 Tel. 04602 312",,,,,,,,,,,,,,,,
,,,,,"Gemüse, Salat,  Kräuter,  Obst,  Kartoffeln, Eier",,EU-Bio-Landwirtschaft,,,,,,,,,,,,,,
,,,,,alles nur aus Bio-Anbau        DE-ÖKO-022,,Steuer-Nr.: 15/282/67302,,,,,,,,,,,,,,
,,,,,,,,,,,,,,,,,,,,,
,,,,,,,,,,,,,,,,,,,,,
,,,,,,,,,,,,,,,,,,,,,
,,,,,,,,,,,,,,,,,,,,,
,,,,,,,,,,,,,,,,,,,,,
,,,,,Angebots- und Preisliste,,,,,,,,,,,,,,,,
,,,,,,,,,,,,,,,,,,,,,
,,,,,Fr 14.Aug 26,,,,,Bestell-,,,,,,,,,,,
,,,,Waren,,je,Preis,,,menge,,,,Summe (ca.):,,,,,,, 
,,,,gruppe,Artikelbezeichnung,,Euro, - Herkunft -,Label,,,,,"0,00 €",Bemerkungen,,,,,,
,,,,,,,,,,,,,,,,,,,,,
,,,2,1,"Eier, Größe L    (63- 73g)",St,"0,57",Andresen,Bioland,,St,,,"0,00 €",,,,,,,"1,7"
,,,2,1,"Eier, mittlere  M  (53- 62g)",St,"0,55",Andresen,Bioland,,St,,,"0,00 €",,,,,,,"1,7"
,,,1,2,"Kartoffeln “Annabelle“, festk. ",kg,"2,95",eigene Ernte,Bioland,,kg,,,"0,00 €",,,,,,,"1,7"
,,,1,2,"Kartoffeln “Allians“(++), festk. ",kg,"3,25",eigene Ernte,Bioland,,kg,,,"0,00 €",,,,,,,"1,7"
,,,1,2,Kartoffeln „Quarta“ mittelfest ,kg,"3,25",eigene Ernte,Bioland,,kg,,,"0,00 €",,,,,,,"1,7"
,,,1,2,"Kartoffeln , „Allians“ , Peller",kg,"2,95",eigene Ernte,Bioland,,kg,,,"0,00 €",,,,,,,"1,7"
,,,1,2,Süßkartoffeln  (ca 200-400g/St) ,kg,"4,95",Spanien,EG-Bio,,kg,,,"0,00 €",,,,,,,"1,7"
,,,1,3,"bunte Möhren (gelb, weiß, orange,lila)",kg,"3,75",eigene Ernte,Bioland,,kg,,,"0,00 €",,,,,,,"1,7"
,,,1,3,Sommer-Sandmöhren,kg,"3,75",eigene Ernte,Bioland,,kg,,,"0,00 €",,,,,,,"1,7"
,,,1,3,Sommer-Sandmöhren,kg,"3,95",eigene Ernte,Bioland,,kg,,,"0,00 €",,,,,,,"1,7"
,,,1,4,"Radieschen, lose ",200g,"1,80",Nord-D,demeter,,200g,,,"0,00 €",,,,,,,"1,7"
,,,1,5,Rote Bete (150-300g/St)  wenig,kg,"3,75",Nord-D,demeter,,kg,,,"0,00 €",,,,,,,"1,7"
,,,1,6,Knollensellerie  mit grün,St,"2,95",Schleswig-H.,Bioland,,St,,,"0,00 €",,,,,,,"1,7"
,,,1,7,Kohlrabi ,St,"2,00",Schleswig-H.,demeter,,St,,,"0,00 €",,,,,,,"1,7"
,,,1,7,Kohlrabi ,St,"2,40",Schleswig-H.,Bioland,,St,,,"0,00 €",,,,,,,"1,7"
,,,1,8,Blumenkohl,St,"4,95",Schleswig-H.,Naturland,,St,,,"0,00 €",,,,,,,"1,7"
,,,1,9,Spitzkohl (ca 800-1200g/St) ,kg,"3,95",Nord-D,Bioland,,kg,,,"0,00 €",,,,,,,"1,7"
,,,3,10,"Bataviasalat, grün ",St,"2,40",Kreis SL-FL,Bioland,,St,,,"0,00 €",,,,,,,"1,7"
,,,3,10,"Eichblattsalat, grün ",St,"2,40",Kreis SL-FL,Bioland,,St,,,"0,00 €",,,,,,,"1,7"
,,,3,10,Kopfsalat grün,St,"2,40",Kreis SL-FL,Bioland,,St,,,"0,00 €",,,,,,,"1,7"
,,,3,10,"Mangold,  bunt (rot, gelb, lila) ",kg,"5,95",eigene Ernte,Bioland,,kg,,,"0,00 €",,,,,,,"1,7"
,,,2,10,Chicorée  ,100g,"1,20",Nord-D,Bioland,,100g,,,"0,00 €",,,,,,,"1,7"
,,,"3,5",11,Wildkräuterbund,Bd,"3,00",eigene Ernte,Bioland,,Bd,,,"0,00 €",,,,,,,"1,7"
,,,"3,5",11,Gartenkräuter Mischbund,Bd,"3,00",eigene Ernte,Bioland,,Bd,,,"0,00 €",,,,,,,"1,7"
,,,"3,5",11,"Petersilie , glatt",Bd,"2,00",eigene Ernte,Bioland,,Bd,,,"0,00 €",,,,,,,"1,7"
,,,"3,5",11,"Petersilie, kraus ",Bd,"2,00",eigene Ernte,Bioland,,Bd,,,"0,00 €",,,,,,,"1,7"
,,,"3,5",11,Schnittlauch ,Bd,"2,00",eigene Ernte,Bioland,,Bd,,,"0,00 €",,,,,,,"1,7"
,,,"3,5",11,Estragon,Bd,"2,00",eigene Ernte,Bioland,,Bd,,,"0,00 €",,,,,,,"1,7"
,,,"3,5",11,Fenchelblüten,Bd,"2,00",eigene Ernte,Bioland,,Bd,,,"0,00 €",,,,,,,"1,7"
,,,"3,5",11,Apfelminze,Bd,"2,00",eigene Ernte,Bioland,,Bd,,,"0,00 €",,,,,,,"1,7"
,,,"3,5",11,Pfefferminze,Bd,"2,00",eigene Ernte,Bioland,,Bd,,,"0,00 €",,,,,,,"1,7"
,,,"3,5",11,Schokominze,Bd,"2,00",eigene Ernte,Bioland,,Bd,,,"0,00 €",,,,,,,"1,7"
,,,1,12,Salatgurken ,St,"2,80",Nord-D,Bioland,,St,,,"0,00 €",,,,,,,"1,7"
,,,1,12,Minigurken  (ca 150-200g) ,100g,"0,75",Nord-D,Bioland,,100g,,,"0,00 €",,,,,,,"1,7"
,,,1,13,Zucchini (ca.220-300g) ,kg,"3,45",eigene Ernte,Bioland,,kg,,,"0,00 €",,,,,,,"1,7"
,,,1,13,Zucchini (ca.500-800g) größere,kg,"2,95",eigene Ernte,Bioland,,kg,,,"0,00 €",,,,,,,"1,7"
,,,3,14,Campari-Tomaten   (+) „Devotion“ ,kg,"8,45",eigene Ernte,Bioland,,kg,,,"0,00 €",,,,,,,"1,7"
,,,3,14,Cocktail-Tomaten   „Annamay“ (++),kg,"8,45",eigene Ernte,Bioland,,kg,,,"0,00 €",,,,,,,"1,7"
,,,3,14,Cocktail-Tomaten  „Ruth“ (+) säurearm ,100 g,"0,89",eigene Ernte,Bioland,,100 g,,,"0,00 €",,,,,,,"1,7"
,,,3,14,Cocktailtomate „Sun Chocolate“,100 g,"0,95",eigene Ernte,Bioland,,100 g,,,"0,00 €",,,,,,,"1,7"
,,,3,14,"Cherry-Tomaten, rot, süß ",100 g,"0,95",eigene Ernte,Bioland,,100 g,,,"0,00 €",,,,,,,"1,7"
,,,3,14,Cherry-Tomaten gold-gelb,100g,"0,95",eigene Ernte,Bioland,,100g,,,"0,00 €",,,,,,,"1,7"
,,,3,14,"Cherry-Tomaten (++), bunter Mix ",100 g,"0,95",eigene Ernte,Bioland,,100 g,,,"0,00 €",,,,,,,"1,7"
,,,2,15,"Paprika,   rot , blockig (ca 200-250g) ",kg,"0,99",Deutschland,Bioland,,kg,,,"0,00 €",,,,,,,"1,7"
,,,2,15,"Paprika, gelb (ca. 200-250g)",kg,"8,45","Poldervaart, NL",demeter,,kg,,,"0,00 €",,,,,,,"1,7"
,,,2,15,"Spitz-Paprika,  rot „Florina“",100 g,"0,95",Griechenland,EG-Bio,,100 g,,,"0,00 €",,,,,,,"1,7"
,,,1,18,Grüne Buschbohnen  ,kg,"8,45",eigene Ernte,Bioland,,kg,,,"0,00 €",,,,,,,"1,7"
,,,1,18,Filet-Buschbohnen „Birgit“ u.a.,kg,"8,95",eigene Ernte,Bioland,,kg,,,"0,00 €",,,,,,,"1,7"
,,,1,18,"Stangen-Bohnen (rundhüls.-zart, wenig)",kg,"8,95",eigene Ernte,Bioland,,kg,,,"0,00 €",,,,,,,"1,7"
,,,1,19,"Porree, neue Ernte",kg,"5,95",Deutschland,Bioland,,kg,,,"0,00 €",,,,,,,"1,7"
,,,1,20,"Bundzwiebeln , frisch",Bd,"2,40",eigene Ernte,Bioland,,Bd,,,"0,00 €",,,,,,,"1,7"
,,,1,20,Lauchzwiebeln ,Bd,"2,75",Schleswig-H.,Bioland,,Bd,,,"0,00 €",,,,,,,"1,7"
,,,1,20,"Zwiebeln, gelb , neue Ernte",kg,"3,45",eigene Ernte,Bioland,,kg,,,"0,00 €",,,,,,,"1,7"
,,,1,20,"Neue Zwiebeln, rot ",kg,"3,75",eigene Ernte,Bioland,,kg,,,"0,00 €",,,,,,,"1,7"
,,,1,20,"Zwiebeln, gelb , neue Ernte",kg,"2,95",Italien,EG-Bio,,kg,,,"0,00 €",,,,,,,"1,7"
,,,1,20,Ingwer ,100g,"1,39",Peru,EG-Bio,,100g,,,"0,00 €",,,,,,,"1,7"
,,,1,20,"Knoblauch, trocken (ca 50-80g/St) ",100g,"1,45",Spanien,demeter,,100g,,,"0,00 €",,,,,,,"1,7"
,,,2,22,Champignons,100g,"1,35",Nord-D.,Naturland,,100g,,,"0,00 €",,,,,,,"1,7"
,,,1,24,"Apfel Marnica (+) , rot,  mittelgroß ",kg,"3,95",„Altes Land“,demeter,,kg,,,"0,00 €",,,,,,,"1,7"
,,,1,25,Früh-Birnen  „ Guyot“ ,kg,"4,95",Frankr.,EG-Bio,,kg,,,"0,00 €",,,,,,,"1,7"
,,,1,26,"Orangen, Valencia Late , mittelklein",kg,"3,75",Spanien,EG-Bio,,kg,,,"0,00 €",,,,,,,"1,7"
,,,1,26,"Zitronen, gelb-grün",100g,"0,59",Italien,EG-Bio,,100g,,,"0,00 €",,,,,,,"1,7"
,,,3,29,"Trauben weiß, kernlos  ",kg,"8,95",Spanien,demeter,,kg,,,"0,00 €",,,,,,,"1,7"
,,,3,30,"Zwetschgen, blau ",kg,"5,95",Deutschland,Bioland,,kg,,,"0,00 €",,,,,,,"1,7"
,,,3,30,"Mirabellen, rot",kg,"4,95",eigene Ernte,Bioland,,kg,,,"0,00 €",,,,,,,"1,7"
,,,3,30,"Mirabellen, gelb (+)",kg,"4,95",eigene Ernte,Bioland,,kg,,,"0,00 €",,,,,,,"1,7"
,,,5,32,Blumenstrauß S ,Bd,"3,00",Franziska ,Bioland,,Bd,,,"0,00 €",,,,,,,"1,7"
,,,5,32,Blumenstrauß L,Bd,"7,95",Franziska ,Bioland,,Bd,,,"0,00 €",,,,,,,"1,7"
,,,5,31,Mohnknospen,kl.Bd,"4,00",Franziska ,Bioland,,kl.Bd,,,"0,00 €",,,,,,,"1,7"
,,,5,31,Ringelblumen,Bund,"5,00",Franziska ,Bioland,,Bund,,,"0,00 €",,,,,,,"1,7"
,,,5,32,Duftstrauß mit viel Phacelia,Bd,"5,00",Franziska ,Bioland,,Bd,,,"0,00 €",,,,,,,"1,7"
,,,4,31,Anisysop ,Topf,"3,00",eigener Anbau,Bioland,,Topf,,,"0,00 €",,,,,,,"1,7"
,,,4,31,Beifuß,Topf,"3,00",eigener Anbau,Bioland,,Topf,,,"0,00 €",,,,,,,"1,7"
,,,4,31,Beinwell,Topf,"3,00",eigener Anbau,Bioland,,Topf,,,"0,00 €",,,,,,,"1,7"
,,,4,31,"Bohnenkraut, mehrjährig",Topf,"3,00",eigener Anbau,Bioland,,Topf,,,"0,00 €",,,,,,,"1,7"
,,,4,31,Dost,Topf,"3,00",eigener Anbau,Bioland,,Topf,,,"0,00 €",,,,,,,"1,7"
,,,4,31,Drachenkopf,Topf,"3,00",eigener Anbau,Bioland,,Topf,,,"0,00 €",,,,,,,"1,7"
,,,4,31,Estragon,Topf,"3,00",eigener Anbau,Bioland,,Topf,,,"0,00 €",,,,,,,"1,7"
,,,4,31,Goldoregano,Topf,"3,00",eigener Anbau,Bioland,,Topf,,,"0,00 €",,,,,,,"1,7"
,,,4,31,"Gundermann (Gundelrebe), essb. Bodendecker",Topf,"3,00",eigener Anbau,Bioland,,Topf,,,"0,00 €",,,,,,,"1,7"
,,,4,31,Johanniskraut,Topf,"3,00",eigener Anbau,Bioland,,Topf,,,"0,00 €",,,,,,,"1,7"
,,,4,31,Kaskadenthymian ,Topf,"3,00",eigener Anbau,Bioland,,Topf,,,"0,00 €",,,,,,,"1,7"
,,,4,31,Knoblauchsrauke,Topf,"3,00",eigener Anbau,Bioland,,Topf,,,"0,00 €",,,,,,,"1,7"
,,,4,31,Meerrettich,Topf,"3,00",eigener Anbau,Bioland,,Topf,,,"0,00 €",,,,,,,"1,7"
,,,4,31,Minze: Apfelminze,Topf,"3,00",eigener Anbau,Bioland,,Topf,,,"0,00 €",,,,,,,"1,7"
,,,4,31,"Minze: Pfefferminze, rotstielig",Topf,"3,00",eigener Anbau,Bioland,,Topf,,,"0,00 €",,,,,,,"1,7"
,,,4,31,Minze: Schokominze,Topf,"3,00",eigener Anbau,Bioland,,Topf,,,"0,00 €",,,,,,,"1,7"
,,,4,31,Oregano,Topf,"3,00",eigener Anbau,Bioland,,Topf,,,"0,00 €",,,,,,,"1,7"
,,,4,31,"Petersilie, glatte ",Topf,"3,00",eigene Ernte,Bioland,,Topf,,,"0,00 €",,,,,,,"1,7"
,,,4,31,"Petersilie, krause",Topf,"3,00",eigene Ernte,Bioland,,Topf,,,"0,00 €",,,,,,,"1,7"
,,,4,31,Pimpinelle,Topf,"3,00",eigene Ernte,Bioland,,Topf,,,"0,00 €",,,,,,,"1,7"
,,,4,31,Sauerampfer,Topf,"3,00",eigene Ernte,Bioland,,Topf,,,"0,00 €",,,,,,,"1,7"
,,,4,31,Schnittlauch,Topf,"3,00",eigener Anbau,Bioland,,Topf,,,"0,00 €",,,,,,,"1,7"
,,,4,31,Spitzwegerich,Topf,"3,00",eigener Anbau,Bioland,,Topf,,,"0,00 €",,,,,,,"1,7"
,,,4,31,Wermut,Topf,"3,00",eigener Anbau,Bioland,,Topf,,,"0,00 €",,,,,,,"1,7"
,,,4,31,Zitronenquendel,Topf,"3,00",eigener Anbau,Bioland,,Topf,,,"0,00 €",,,,,,,"1,7"
,,,5,31,Winterheckezwiebeln,Topf,"3,00",eigener Anbau,Bioland,,Topf,,,"0,00 €",,,,,,,"1,7"
,,,5,32,Ackerwitwenblumen,ZPT,"3,00",eigener Anbau,Bioland,,ZPT,,,"0,00 €",,,,,,,"1,7"
,,,5,32,Bartnelke (blüht nächstes Jahr),ZPT,"3,00",eigener Anbau,Bioland,,ZPT,,,"0,00 €",,,,,,,"1,7"
,,,5,32,Ehrenpreis ,ZPT,"3,00",eigener Anbau,Bioland,,ZPT,,,"0,00 €",,,,,,,"1,7"
,,,5,32,"Färberkamille, gelbblühend",ZPT,"3,00",eigener Anbau,Bioland,,ZPT,,,"0,00 €",,,,,,,"1,7"
,,,5,32,"Fette Henne, rosarot blühend",ZPT,"3,00",eigener Anbau,Bioland,,ZPT,,,"0,00 €",,,,,,,"1,7"
,,,5,32,Frauenmantel                  ,ZPT,"3,00",eigener Anbau,Bioland,,ZPT,,,"0,00 €",,,,,,,"1,7"
,,,5,32,Gelenkblume (rosa Blüten),ZPT,"3,00",eigener Anbau,Bioland,,ZPT,,,"0,00 €",,,,,,,"1,7"
,,,5,32,Goldnessel,ZPT,"3,00",eigener Anbau,Bioland,,ZPT,,,"0,00 €",,,,,,,
,,,5,32,"Habichtskraut, orange-rot blühend",ZPT,"3,00",eigener Anbau,Bioland,,ZPT,,,"0,00 €",,,,,,,"1,7"
,,,5,32,Herbstastern (Blautöne),ZPT,"3,00",eigener Anbau,Bioland,,ZPT,,,"0,00 €",,,,,,,"1,7"
,,,5,32,"Hornkraut,  genügsamer Bodendecker",ZPT,"3,00",eigener Anbau,Bioland,,ZPT,,,"0,00 €",,,,,,,"1,7"
,,,5,32,"Immergrün (Bodendecker, blaublühend)",ZPT,"3,00",eigener Anbau,Bioland,,ZPT,,,"0,00 €",,,,,,,"1,7"
,,,5,32,"Iris (Schwertlilie, blau)",ZPT,"3,00",eigener Anbau,Bioland,,ZPT,,,"0,00 €",,,,,,,"1,7"
,,,5,32,Knäuelglockenblume,ZPT,"3,00",eigener Anbau,Bioland,,ZPT,,,"0,00 €",,,,,,,"1,7"
,,,5,32,Kriechender Günsel (blau blühend),ZPT,"3,00",eigener Anbau,Bioland,,ZPT,,,"0,00 €",,,,,,,"1,7"
,,,5,32,Margerite ,ZPT,"3,00",eigener Anbau,Bioland,,ZPT,,,"0,00 €",,,,,,,"1,7"
,,,5,32,Nachtkerze,ZPT,"3,00",eigener Anbau,Bioland,,ZPT,,,"0,00 €",,,,,,,"1,7"
,,,5,32,Rainfarn ,ZPT,"3,00",eigener Anbau,Bioland,,ZPT,,,"0,00 €",,,,,,,"1,7"
,,,5,32,Ringelblume,ZPT,"3,00",eigener Anbau,Bioland,,ZPT,,,"0,00 €",,,,,,,"1,7"
,,,5,32,"Schafgarbe, rosa oder Rottöne",ZPT,"3,00",eigener Anbau,Bioland,,ZPT,,,"0,00 €",,,,,,,"1,7"
,,,5,32,"Schafgarbe, Weiß",ZPT,"3,00",eigener Anbau,Bioland,,ZPT,,,"0,00 €",,,,,,,"1,7"
,,,5,32,Schlangenknöterich (rosa blühend),ZPT,"3,00",eigener Anbau,Bioland,,ZPT,,,"0,00 €",,,,,,,"1,7"
,,,5,32,Staudensonnenblumen,ZPT,"3,00",eigene Ernte,Bioland,,ZPT,,,"0,00 €",,,,,,,"1,7"
,,,5,32,"Topinambur, eßbare Knollen,gelbe Blüte",ZPT,"3,00",eigener Anbau,Bioland,,ZPT,,,"0,00 €",,,,,,,"1,7"
,,,5,32,"Karde, wilde",ZPT,"3,00",eigener Anbau,Bioland,,ZPT,,,"0,00 €",,,,,,,"1,7"
,,,2,30,"Hokkaido-Kürbis, süß-sauer im Glas",200 g,"2,50",eigen Prod.,Bioland,,200 g,,,"0,00 €",,,,,,,"1,7"
,,,2,32,Salzgemüse im Glas,200 g,"4,50",eigen Prod.,Bioland,,200 g,,,"0,00 €",,,,,,,"1,7"
,,,6,21,Lieferung ans Haus wird errechnet + ggf. Zusatz,,,,,,0,,,"0,00 €",,,,,,,"1,7"
,,,6,,Unser Angebot ist freibleibend und vorbehaltlich der Rückmeldungen der Großhändler,,,,,,0,,,"0,00 €",,,,,,,"1,7"
